audio_001.wav|The quick brown fox jumps over the lazy dog.
audio_002.wav|She sells seashells by the seashore.
audio_003.wav|How much wood would a woodchuck chuck.
audio_004.wav|I love building things with Python.
audio_005.wav|Artificial intelligence is absolutely fascinating.
audio_006.wav|The sun sets beautifully in the west.
audio_007.wav|My voice is unique and truly powerful.
audio_008.wav|Deep learning changes absolutely everything.
audio_009.wav|I enjoy solving complex and challenging problems.
audio_010.wav|Technology continuously shapes our future.
audio_011.wav|PyTorch makes building neural networks simple and intuitive.
audio_012.wav|I am training my own voice model completely from scratch.
audio_013.wav|The transformer architecture revolutionized natural language processing forever.
audio_014.wav|Every morning I wake up excited to write Python code.
audio_015.wav|Machine learning models learn patterns from large amounts of data.
audio_016.wav|I believe anyone can learn deep learning with consistent practice.
audio_017.wav|Gradient descent helps the model minimize its loss function efficiently.
audio_018.wav|Attention mechanisms allow transformers to focus on the most important tokens.
audio_019.wav|I want to build products that help millions of people worldwide.
audio_020.wav|The embedding layer converts tokens into meaningful vector representations.
audio_021.wav|Fine tuning a pretrained model saves enormous amounts of training time.
audio_022.wav|My goal is to become a world class machine learning engineer.
audio_023.wav|Neural networks are loosely inspired by the human brain structure.
audio_024.wav|I push my code to GitHub every single day without fail.
audio_025.wav|Kaggle provides free GPU resources for training deep learning models.
audio_026.wav|Hey, how are you doing today?
audio_027.wav|That is a really interesting question, let me think about it carefully.
audio_028.wav|I was wondering if you could help me with something important.
audio_029.wav|Sure, I would be absolutely happy to explain that to you.
audio_030.wav|What do you think about the latest developments in artificial intelligence?